,post_title,comment_date,post_number,post_body,relevant_tickers,comment_number,comment
0,"[Weekly Megathread] Markets and Value Stock Ideas, Week of March 11, 2024",2024-03-11 06:00:15,0.0,"What stocks are on your radar this week?

What's in the news that's affecting the market?

Celebrate your successes, rue your losses, or just chat with your fellow Value redditors!

Take everything here with a grain of salt! We suggest checking other users' posting/commenting history before following advice or stock recommendations.  Watch out for shill accounts that pump the same stock all over Reddit, or have many posts/comments deleted in other investing subreddits. Stay safe!

*(New Weekly Megathreads are posted every Monday at 0600 GMT.)*","['or', 'on', 'all', 'pump', 'safe', 'are', 'for', 'out']",,
1,"[Weekly Megathread] Markets and Value Stock Ideas, Week of March 11, 2024",2024-03-12 00:50:53,,,"['for', 'cash', 'out', 'free']",0.0,"I have watching a small company called Supremex (TSX:SXP) out of Montreal.  They make packaging i.e envelopes, pizza boxes etc.  Selling for less than 3 X free cash flow.  PE < 6.  mid-single digit growth.  Comments?"
2,"[Weekly Megathread] Markets and Value Stock Ideas, Week of March 11, 2024",2024-03-11 09:38:16,,,"['go', 'FSLR', 'free', 'good', 'now']",1.0,"Im finding FSLR at a good price right now as far as solid solar companies go, solar companies in general have reached more acceptable valuations. Feel free to offer opposing thoughts"
3,"[Weekly Megathread] Markets and Value Stock Ideas, Week of March 11, 2024",2024-03-11 22:50:54,,,"['pay', 'me', 'DAL', 'low', 'has', 'HE', 'AAPL', 'nice', 'on', 'bit', 'good', 'BMY', 'are', 'GSL', 'for', 'back']",2.0,"I've been buying and selling GSL for the past few months. Recently dropped a good bit. Bought a bit back. VWAGY has been good to me this month, and I think they have a bright future. DAL is still low. AAPL and GOOGL are looking nice. I doubt HE is gonna have to pay much from lawsuits after reading through local testimonies, and they control like 95 percent of the power on the island. BMY is a nice price to me."
4,"[Weekly Megathread] Markets and Value Stock Ideas, Week of March 11, 2024",2024-03-13 23:10:23,,,"['has', 'on', 'up', 'Any', 'now', 'GNRC', 'Cash', 'be', 'for', 'back', 'play', 'pre']",3.0,Any thoughts on generator maker [Generac (GNRC)](https://userupload.gurufocus.com/1768051690239586304.png) as a recovery play?  Stock price went crazy during the pandemic but has returned to pre-pandemic (2019) level though revenue is now 44% higher.  [Cash flow is growing again for the last 3 Qtrs.](https://userupload.gurufocus.com/1768048333902999552.png)  Thesis: As climate change proceeds there will be more and more need for back-up power.
5,"[Weekly Megathread] Markets and Value Stock Ideas, Week of March 11, 2024",2024-03-15 04:03:52,,,"['CLPR', 'TPL', 'up', 'nice', 'kind', 'be', 'it', 'back', 'any', 'STRT', 'you', 'so', 'for', 'pay', 'next', 'low', 'on', 'all', 'free', 'are', 'land', 'very', 'can']",4.0,"I own just 3 companies in my portfolio: STRT, CLPR, and TPL. 

STRT: no debt, current assets are worth the mcap, almost all properties are owned and value based on 1990‚Äôs purchase prices so NAV doesn‚Äôt reflect value. 2 activists (gabelli and gates), finally a management change and hopefully a board change to start unlocking value. They kind of started with the same of one division. 

CLPR; earnings were today. NOI of $80mill and once their next development is complete, along with full tax abatement for Flatbush  NOI will be closer to $90-100mill for 2024 FY.  5% cap rate on NOI puts PPE at 1.9-2bill in value. Debt is fixed and worth 1.2bill, walk away with 700mill on a 200 mill mcap stock all while collecting a 7-8% dividend that‚Äôs tax free since they are running a loss and most of it converts to returned capital.

TPL:  1mill acres of Texas land locked up in this trust all leased to oil giants and collects a nice royalty each year to buy back stock and pay a dividend. As long as management doesn‚Äôt mess it up with their new stock split, it‚Äôs a long term win if you can get your hands on any shares that is, very low volume and ~$1500 share price"
6,"[Weekly Megathread] Markets and Value Stock Ideas, Week of March 11, 2024",2024-03-11 17:54:31,,,"['see', 'on', 'up', 'Any', 'It', 'ALTO', 'be', 'an', 'for', 'play']",5.0,ALTO reports tonight.  It is an asset play.  Any comments on their conference call about putting the company up for sale might really spark interest in the stock as the market would be able to see the value unlock.  $2.25 stock with probably an asset value of $7-10 per share
7,"[Weekly Megathread] Markets and Value Stock Ideas, Week of March 11, 2024",2024-03-12 03:56:53,,,"['by', 'be', 'out', 'has']",6.0,Bought some Humana today. Feel like the stock has nearly bottomed out and once they get by this albatross of a projected 2024 there should be greener pastures ahead.
8,"[Weekly Megathread] Markets and Value Stock Ideas, Week of March 11, 2024",2024-03-14 12:21:02,,,"['eat', 'on', 'FMC', 'up', 'now']",7.0,Thoughts on FMC? ¬†Concerned that copycat products will eat into their future revenue now that their patents expired. Company is saying revenue from new products will make up the difference.¬†
9,"[Weekly Megathread] Markets and Value Stock Ideas, Week of March 11, 2024",2024-03-14 18:53:03,,,"['QFIN', 'back']",8.0,Alright. I'm back in China with some QFIN.
10,"[Weekly Megathread] Markets and Value Stock Ideas, Week of March 11, 2024",2024-03-15 13:40:17,,,"['Big', 'on']",9.0,Thoghts on Ring Energy? Big volume past week.
11,"[Weekly Megathread] Markets and Value Stock Ideas, Week of March 11, 2024",2024-03-16 13:59:33,,,"['fate', 'man', 'www']",10.0,"The fate of a value investor.

[https://www.morningstar.com/personal-finance/man-who-knew-too-much](https://www.morningstar.com/personal-finance/man-who-knew-too-much)"
12,"[Weekly Megathread] Markets and Value Stock Ideas, Week of March 11, 2024",2024-03-16 18:41:17,,,"['or', 'Dec', 'BNED', 'are', 'good', 'now']",11.0,"BNED is a super risky - super interesting bet.

FDC program showing great results with revs growing 54% YoY. Question is if the results are good enough to allow them to refinance their $250m debt (due Dec 2024).

I doubled down - now about 7% holding. $0 or $3!"
13,"[Weekly Megathread] Markets and Value Stock Ideas, Week of March 11, 2024",2024-03-11 11:50:22,,,"['has', 'on', 'up', 'hear', 'It', 'very', 'two', 'it', 'Love', 'now', 'out', 'BRCC']",12.0,"I'm up 50% on BRCC stock and 100% on my calls. It was a very lonely weekend. Turns out nobody wants to hear I made the equivalent of my brothers annual salary in two days.
I sold a little but it has just now started to get exciting. Possible 10 bagger inbound. 

I Love winning!

I hate the feeling that nobody wants to share in my excitement"
14,"[Weekly Megathread] Markets and Value Stock Ideas, Week of March 11, 2024",2024-03-15 03:37:48,,,"['Are', 'any', 'has', 'Good', 'it', 'for', 'you']",13.0,"Good find. Are there any significant risks to it that you're aware of? Why has the stock tumbled in 2023?

I'm not worried about the debt because it looks like they're paying it off. Their revenue is growing at \~10%-14%/yr which is surprising for a packaging business. I try to avoid the Canadian economy, but this looks attractive.

However, they had their first negative YoY quarter in a long time."
15,"[Weekly Megathread] Markets and Value Stock Ideas, Week of March 11, 2024",2024-03-12 13:24:44,,,"['for', 'me']",14.0,Too much debt for me
16,"[Weekly Megathread] Markets and Value Stock Ideas, Week of March 11, 2024",2024-03-16 13:57:38,,,"['me', 'low', 'has', 'well', 'back']",15.0,"Saw this one a while back as well.  Valuation looks low, but debt burden is one of the factors that has kept me from taking a position."
17,"[Weekly Megathread] Markets and Value Stock Ideas, Week of March 11, 2024",2024-03-12 01:22:45,,,"['very', 'on', 'has']",17.0,"Interesting.

Growth has been very strong lately.  What's going on?  Is the Biden green money rolling in?"
18,"[Weekly Megathread] Markets and Value Stock Ideas, Week of March 11, 2024",2024-03-12 03:55:34,,,"['FSLR', 'it']",18.0,Don't know anything about the industry but what makes it different than Enphase and why hasn't FSLR faced the same issues as Enhpase and others have?
19,"[Weekly Megathread] Markets and Value Stock Ideas, Week of March 11, 2024",2024-03-12 00:32:57,,,"['Do', 'am', 'any', 'has', 'HE', 'are', 'it', 'you']",19.0,"HE has a heavy debt load, and, if I am not mistaken, many of the customers lost their homes.  People are hanging around in hopes of the 12% dividend return.  Do you think it will happen any time soon?"
20,"[Weekly Megathread] Markets and Value Stock Ideas, Week of March 11, 2024",2024-03-16 13:56:14,,,"['me', 'So', 'way', 'all', 'It', 'are', 'be', 'for', 'now']",20.0,"Have not looked at all into fundamentals, but noticed Generac generators now being sold at a hardware retailer in my area.  Found this interesting as I‚Äôm pretty sure these are new SKU‚Äôs for them. So, could be indicative of increasing sales in the right context.  It made me take notice either way."
21,"[Weekly Megathread] Markets and Value Stock Ideas, Week of March 11, 2024",2024-03-13 23:12:34,,,"['HUM', 'next', 'on', 'eye', 'be', 'fix']",21.0,Yeah.  I have my eye on HUM too.  They should be able to fix the under pricing issue next year.
22,"[Weekly Megathread] Markets and Value Stock Ideas, Week of March 11, 2024",2024-03-16 14:19:59,,,"['true', 'low', 'all', 'be', 'good']",22.0,The PE is incredibly low (too good to be true? its China after all)
23,"[Weekly Megathread] Markets and Value Stock Ideas, Week of March 11, 2024",2024-03-16 15:38:22,,,['Very'],23.0,PE < 4.  Very cheap.  Why?
24,"[Weekly Megathread] Markets and Value Stock Ideas, Week of March 11, 2024",2024-03-11 15:43:20,,,"['for', 'BRCC']",24.0,Neat.  How is BRCC for us normal investors?
25,"[Weekly Megathread] Markets and Value Stock Ideas, Week of March 11, 2024",2024-03-16 14:17:48,,,"['or', 'on', 'It', 'are', 'for', 'out', 'so']",25.0,I have invested (or traded this) on and off for years. It is cyclical no doubt and deals with commodity products.  Envelopes are declining so they are getting more into cardboard packaging.  The only stand-out thing is they are cheap.
26,"[Weekly Megathread] Markets and Value Stock Ideas, Week of March 11, 2024",2024-03-12 10:01:46,,,"['go', 'on', 'has', 'way', 'all', 'imo', 'good']",27.0,"Problem with Enphase is they sell more to consumers, where first solar focuses on selling to large businesses, project developers and power producers, of which bring in more money with their bigger contracts.

The whole industry did go down, but this is a good buying opportunity imo, everything is a long way off their all time high. Enphase has a good product but is still rather expensive and I have less confidence in consumer focused solar businesses."
27,"[Weekly Megathread] Markets and Value Stock Ideas, Week of March 11, 2024",2024-03-12 17:42:26,,,"['do', 'best', 'be', 'HE']",28.0,"I don‚Äôt know too much about the dividend. I do know their debt is somewhat of a happy median within the utility sector. They also have one of the best asset to debt ratios in the sector. Customers lost homes due to a tragic fire, one that seems to be independent of the power company. This doesn‚Äôt change the fact that HE continues to have a monopoly over the islands power"
28,"[Weekly Megathread] Markets and Value Stock Ideas, Week of March 11, 2024",2024-03-12 14:36:45,,,"['it', 'for', 'way']",29.0,"Yeah exactly, it's way too high. I'm looking for < 0.15"
29,"[Weekly Megathread] Markets and Value Stock Ideas, Week of March 11, 2024",2024-03-12 19:23:07,,,"['see', 'when', 'turn', 'be', 'it', 'good', 'out', 'play', 'VERY']",30.0,"Your right then, it may turn out to be a good play, the only other issue I see is it is going to be a VERY slow gainer...when it stops drifting downward, that is."
30,"[Weekly Megathread] Markets and Value Stock Ideas, Week of March 11, 2024",2024-03-12 21:01:29,,,"['you', 'are']",31.0,That‚Äôs fair. What are you looking into rn?
31,Canadian Solar Inc CSIQ. What am I missing?,2024-03-16 16:54:21,1.0,"Based on the 2023 full year earnings released a few days ago and the last closing price, you would pay 1.26 billion USD on a company generating a revenue of 7.6 billion USD and a net profit of 274 million USD activating in a sector with potential.
The balance sheet looks healthy having a current liquidity indicator above 1 and an equity ratio of 31%.
For 2024 they expect a revenue between 8.5-9.5 billion USD. Margins are expected to improve, but if the net profit margin of 2023 would be applied to the more pessimistic expectation of 8.5 billion USD, the net profit would be 306 million USD. In this case the P/E being 4.
Also, an additional reason for confidence is a recent 500 million USD investment from BlackRock.

What am I missing?","['pay', 'For', 'on', 'CSIQ', 'ago', 'net', 'be', 'are', 'an', 'for', 'am', 'you']",,
32,Canadian Solar Inc CSIQ. What am I missing?,2024-03-16 17:22:53,,,"['all', 'USA', 'It', 'are', 'be', 'it', 'can', 'by', 'back', 'now']",0.0,"I looked at this a while back and did think it was cheap however one risk is geopolitics. It's a Canadian company with almost all of its production in China. 

I believe they are making a plant in the USA now, and may be incentivised by US subsidies but I can't recall."
33,Canadian Solar Inc CSIQ. What am I missing?,2024-03-16 17:50:14,,,"['by', 'are']",1.0,They and their peers are under investigation by homeland security.
34,Canadian Solar Inc CSIQ. What am I missing?,2024-03-16 17:25:11,,,"['or', 'see', 'be', 'it', 'back']",2.0,Agree and it‚Äôs undervalued. The thing that institutional investors want to see is if they will start buying back shares or paying dividend otherwise the stock price will be irrelevant to their business performance
35,Canadian Solar Inc CSIQ. What am I missing?,2024-03-16 17:46:53,,,"['or', 'top', 'up', 'Edit', 'drop', 'On', 'be', 'EU', 'ago', 'are', 'for', 'very', 'self', 'so']",3.0,"Canadian Solar is one of the biggest, most established and respected makers of solar photovoltaic modules. However, there is not a ton of differentiation between the Tier 1 manufacturers. Solar modules are priced at about 10% of what they were 10-15 years ago, so yes, a 90% price drop. The market is headed for a glut, too many module makers. On top of this, there is always the risk of more tariffs being put up to prevent their import into the US or the EU; there are always a ton of politics in the energy business, solar is no exception. Given the above, I would be very cautious, especially re differentiation and tariffs. Source: self, worked in the solar business for many years.
Edit: despite the name, Canadian Solar is a Chinese company."
36,Canadian Solar Inc CSIQ. What am I missing?,2024-03-16 17:55:29,,,"['for', 'big']",4.0,"Don‚Äôt follow this company directly, but Solar module pricing come down. Production in China is a big risk and less valuable for domestic content 45x credits in the IRA. Whole renewables sector looks pretty cheap but is correlated with rates."
37,Canadian Solar Inc CSIQ. What am I missing?,2024-03-16 18:27:41,,,"['for', 'CSIQ', 'now', 'low']",5.0,"No glaring red flags but some industry wide risks to consider for future profitability:

- geopolitics of energy manufacture + import/export
- recent decline in YoY revenue growth
- low profit margin business (3.6%) and stagnating demand (for now)
- current ratio of 1 
- average ROA in this industry is low, CSIQ is low single digits"
38,Canadian Solar Inc CSIQ. What am I missing?,2024-03-16 18:54:32,,,"['or', 'me', 'pay', 'has', 'So', 'It', 'it', 'you']",6.0,This is a great question. I‚Äôm always looking at this fucker. It trades at less than book value which intrigues me. The problem is it‚Äôs a really tough competitive industry. And they don‚Äôt pay dividends or buyback stock. So you‚Äôre at the mercy of the stock price. If the business has a couple bad years you‚Äôve made no money lol
39,Canadian Solar Inc CSIQ. What am I missing?,2024-03-16 19:57:54,,,"['has', 'do', 'huge', 'be', 'for', 'For', 'www']",7.0,"The whole industry has huge excess supply in terms of overcapacities - especially from Chinese manufacturers which is going to drive prices further down and compresses margins.

For example for further reading; article quoting BNEF:
https://www.rechargenews.com/energy-transition/chinas-making-more-cheap-wind-and-solar-kit-than-the-world-knows-what-to-do-with-the-timing-couldnt-be-worse/2-1-1609984"
40,Canadian Solar Inc CSIQ. What am I missing?,2024-03-16 19:20:24,,,['good'],8.0,Stop telling the sub my good stocks. üòâ
41,Canadian Solar Inc CSIQ. What am I missing?,2024-03-16 18:34:23,,,"['has', 'up', 'west', 'are', 'for', 'you']",9.0,The other thing is that you always have to have healthy skepticism for Chinese accounting. Especially for a company like Canadian Solar which essentially has only raised capital in the west and never returned much. There's a non zero possibility that the whole thing is a fraud and the earnings that make a value stock are made up.
42,Canadian Solar Inc CSIQ. What am I missing?,2024-03-16 19:41:42,,,['are'],10.0,US subsidies with solar are massive too compared to other energy sectors if I‚Äôm not mistaken.
43,Canadian Solar Inc CSIQ. What am I missing?,2024-03-16 17:27:03,,,"['pay', 'be', 'it']",11.0,Wouldn‚Äôt it be too early to pay dividends?
44,Canadian Solar Inc CSIQ. What am I missing?,2024-03-16 19:22:38,,,"['or', 'see', 'cash', 'has', 'You', 'on', 'are', 'it', 'for', 'can']",12.0,Company cash flow has been being reinvested into growing the company. You can see this on the balance sheet. Does not make sense for buy backs or dividends yet as they are better reinvesting it into the business.
45,Canadian Solar Inc CSIQ. What am I missing?,2024-03-16 17:31:27,,,"['CSIQ', 'be', 'has']",13.0,Former is more likely to be executed than paying dividend. The market will certainly justify the stock price in the future but CSIQ has a hugeeeeee roller coaster
46,Berkshire Bought Back About $2.3 Billion in Stock - Barron's on MSN,2024-03-15 23:12:02,2.0,"  
[https://www.msn.com/en-us/money/topstocks/berkshire-bought-back-about-23-billion-in-stock/ar-BB1jYwLc](https://www.msn.com/en-us/money/topstocks/berkshire-bought-back-about-23-billion-in-stock/ar-BB1jYwLc)   
  
Story by Andrew Bary  
  
Berkshire Hathaway bought back about $2.3 billion in stock in the first quarter through March 6, based on a Barron‚Äôs calculation from information in the company‚Äôs proxy statement released late Friday.  
  
The company repurchased about 3,800 Class A shares (with Class B stock buybacks converted to an equivalent amount of Class A shares) from year-end 2023 through March 6.  
  
The $2.3 billion of repurchases marks a pickup from the $2.2 billion of stock that Berkshire repurchased in the fourth quarter and could mean $3 billion or more of buybacks for the current quarter if the pace of repurchases continues at the rate of the first two months of the year.  
  
Most of the buybacks in the quarter occurred from Feb. 13 to March 6, with Barron‚Äôs estimating that total at around $1.7 billion with about $600 million repurchased in the first six weeks of the quarter.  
Investors watch the pace of Berkshire‚Äôs buybacks as an indication of whether Buffett views the stock as cheaply valued since he determines the pace of repurchases and has said repeatedly that he is price conscious.  
  
Berkshire stock has been strong this year with the Class A and B shares up about 14% against a roughly 7.5% total return for the S&P 500 index. The Class A stock finished Friday at $618,133, up 0.9%, while the Class B shares ended at $408.13, up 0.3%  
  
The proxy also discloses that Greg Abel, the likely successor to CEO Warren Buffett, earned just over $20 million in total compensation last year, up from $19 million in 2022.  
  
Abel, a Berkshire vice chairman, heads the company‚Äôs vast non-insurance operations. Ajit Jain, who oversees the company‚Äôs insurance businesses, also earned just over $20 million last year. Buffett, who determines their pay, has compensated them equally since they were elevated to their current positions in 2018.  
  
Berkshire continues to operate differently from other big companies on executive pay.  
  
For starters, Buffett is paid a salary of $100,000 a year with no bonus‚Äîa level of compensation he has received for over 35 years. The proxy states that he doesn‚Äôt want an increase in pay.  
  
He may be the only major CEO who reimburses the company for minor items such as phone calls and postage that are personal in nature. He reimbursed Berkshire $50,000 for those incidental expenses in 2023, in keeping with payments in past years.  
  
Berkshire spent over $300,000 on Buffett‚Äôs personal security last year, which is counted as compensation. But that is a fraction of companies such as Meta Platforms spend on their CEO security.  
  
Buffett pays for his own personal jet travel on NetJets, a Berkhsire company, and the company doesn‚Äôt pay for cars or country club dues for executives.  
  
Buffett hates parting with Berkshire Hathaway stock, viewing every share as precious, and doesn‚Äôt grant stock compensation to executives or any employees. The company states emphatically in the proxy: ‚ÄúBerkshire never intends to use Berkshire stock in compensating employees.‚Äù  
  
Berkshire lets Buffett set the compensation for Abel and Jain, and the proxy states the factors Buffett uses ‚Äútypically are subjective.‚Äù There are no incomprehensible formulas like there are at most public companies. And Berkshire doesn‚Äôt use compensation consultants in setting executive pay.  
  
Both Buffett and Charlie Munger, the Berkshire vice chairman who died at 99 in late 2023, dislike consultants of all kinds. Munger once said that he would rather ‚Äúthrow an asp down my shirt front‚Äù than hire one.  
  
Buffett once said that if Berkshire uses pay consultants after his death, he will rise from his grave in anger. Their view has been that companies use pay consultants to inflate executive compensation.","['or', 'up', 'pays', 'Back', 'msn', 'view', 'ar', 'he', 'be', 'an', 'for', 'by', 'For', 'back', 'www', 'rise', 'pay', 'cars', 'six', 'MSN', 'any', 'big', 'on', 'has', 'Both', 'He', 'all', 'Meta', 'are', 'two']",,
47,Berkshire Bought Back About $2.3 Billion in Stock - Barron's on MSN,2024-03-16 01:05:45,,,"['true', 'are', 'low']",0.0,I wonder if the buybacks are becoming more a lack of available options than a true vote of confidence that the current price is low.
48,Berkshire Bought Back About $2.3 Billion in Stock - Barron's on MSN,2024-03-16 02:13:41,,,"['any', 'cash', 'when', 'aren', 'are', 'for']",1.0,Buffett's explanation when buybacks occur are that the price is undervalued and there aren't any other attractive uses for that cash.
49,Berkshire Bought Back About $2.3 Billion in Stock - Barron's on MSN,2024-03-16 11:35:44,,,['are'],3.0,Those are likely bulk buys (off market) from A-share holders that want to sell.
50,Berkshire Bought Back About $2.3 Billion in Stock - Barron's on MSN,2024-03-16 02:54:09,,,"['or', 'free', 'open', 'huge', 'Am']",4.0,Am thinking if this is open market or private.  Perhaps purchasing from the Gottesman family.  They did just donate a huge amount to a medical school to ensure free tuition in perpetuity.
51,Berkshire Bought Back About $2.3 Billion in Stock - Barron's on MSN,2024-03-16 01:11:50,,,"['Are', 'any', 'out']",6.0,Are there any other companies out there that that behave like this?  I assume the answer is no.
52,Berkshire Bought Back About $2.3 Billion in Stock - Barron's on MSN,2024-03-16 02:43:38,,,"['for', 'are', 'say', 'good', 'back', 'now']",7.0,"Since starting the buyback program in 2018, they have paid $75 billion for shares that are now worth $128 billion (these figures are not inclusive of the latest buybacks). I‚Äôd say that‚Äôs a damn good outcome for a buy back program"
53,Berkshire Bought Back About $2.3 Billion in Stock - Barron's on MSN,2024-03-16 02:48:49,,,"['low', 'he', 'be', 'for', 'back']",8.0,"Warren Buffett wrote in the 2022 annual report (page 6) that he only buys back the shares if the price is low enough (he used the term *value-accretive prices*) to benefit the remaining shareholders.  Looking at repurchase activity for the last 19 reported months (ending December 2023), he seems to be favoring buy backs of BRK.A over BRK.B - further concentrating the voting power."
54,Berkshire Bought Back About $2.3 Billion in Stock - Barron's on MSN,2024-03-16 07:04:16,,,"['He', 'are', 'any', 'on']",10.0,"Buffet needs to but businesses in the $100 billion range to have any significant effect on earnings, and there are not too many bargains at that price. He does buy smaller businesses that complement existing ones."
55,Berkshire Bought Back About $2.3 Billion in Stock - Barron's on MSN,2024-03-16 18:42:52,,,"['pay', 'cash', 'do', 'he', 'huge', 'are', 'very', 'good']",11.0,"Don't forget the huge privately-held companies that are still around.  At the 2022 annual meeting, I heard reliable scuttlebutt that Warren had the chance to buy Rolex, but that the price was more than he wanted to pay.  I also read that Pilot Flying J was the fifth largest private company in the US.

I think that there is a very good chance that, going forward, Berkshire Hathaway will always maintain enough cash available to quickly do a deal with private owners (to avoid bidding wars and seller's remorse)."
56,Berkshire Bought Back About $2.3 Billion in Stock - Barron's on MSN,2024-03-16 18:08:49,,,"['when', 'all']",12.0,"I agree.  My understanding is that at one point, in the 1980's, Warren Buffett had a list of all the shareholders and tracked when his friends/family sold shares."
57,Berkshire Bought Back About $2.3 Billion in Stock - Barron's on MSN,2024-03-16 18:11:13,,,"['very', 'it']",13.0,I think that it is very likely.  One of the articles that I read said that she talked to Warren before deciding to make the donation.
58,Berkshire Bought Back About $2.3 Billion in Stock - Barron's on MSN,2024-03-16 02:49:08,,,"['cash', 'mind', 'on', 'beat', 'kind', 'now', 'out']",14.0,"Timing is kind of important here. $75B put in the S&P 500 on January 1st 2018 is now worth $160B.

At some point, I wouldn't mind if Warren/Greg just started buying the S&P 500 with excess cash instead of trying to beat the market. With the no dividend policy, anyone with a tax bracket above the corporate rate would still come out ahead."
59,Berkshire Bought Back About $2.3 Billion in Stock - Barron's on MSN,2024-03-16 02:51:12,,,"['he', 'be', 'cash']",15.0,"Yeah, my point was that his ""30%"" below intrinsic value that he talked about at some point in the past is probably more like 10% these days, with lots of cash and nothing to buy. 10% is still value-accretive, but not what his standards used to be."
60,Berkshire Bought Back About $2.3 Billion in Stock - Barron's on MSN,2024-03-16 19:18:17,,,"['he', 'an', 'it']",16.0,Rolex is a unique foundation structured organization deeply tied to the community and Wilsdorf heirs. I seriously doubt he would have had an opportunity to acquire it.
61,Berkshire Bought Back About $2.3 Billion in Stock - Barron's on MSN,2024-03-16 04:20:38,,,"['now', 'out']",17.0,BRKs buy backs was not a lump some. This is the equivalent of a DCA between then and now of $75B in S&P 500. BRK continues to out perform the S&P.
62,Berkshire Bought Back About $2.3 Billion in Stock - Barron's on MSN,2024-03-16 04:02:12,,,"['cash', 'mind', 'has', 'beat', 'it']",18.0,">At some point, I wouldn't mind if Warren/Greg just started buying the S&P 500 with excess cash instead of trying to beat the market.

Is the theory behind this essentially that because the S&P500 has returned x amount it will continue to return this amount? 

I'm genuinely curious because we're talking about 10's of billions of $"
63,Berkshire Bought Back About $2.3 Billion in Stock - Barron's on MSN,2024-03-16 08:28:38,,,['are'],19.0,"No, I would just buy sp500 myself instead of through brkb. What I enjoy about brkb is that they are a more active alternative to sp500."
64,Berkshire Bought Back About $2.3 Billion in Stock - Barron's on MSN,2024-03-16 16:47:21,,,"['you', 'it']",20.0,"I think it‚Äôs important that Buffett frames a successful buyback program as a dollar in buybacks creating more than a dollar in value. If you‚Äôre going to look to the S&P at every tick, you‚Äôre better off just owning the index then.."
65,Berkshire Bought Back About $2.3 Billion in Stock - Barron's on MSN,2024-03-16 18:29:28,,,['on'],21.0,Don't forget about the 1% tax on repurchases that Biden wants to push to 4%.
66,Berkshire Bought Back About $2.3 Billion in Stock - Barron's on MSN,2024-03-16 05:44:58,,,"['cash', 'on', 'He', 'when', 'be', 'cost']",22.0,He could be selling cash secured puts on BRK.A that generate income and only purchasing when assigned which would effectively reduce the cost of the share. Option premiums were great even on stable stocks recently.
67,Berkshire Bought Back About $2.3 Billion in Stock - Barron's on MSN,2024-03-16 16:47:54,,,['Good'],23.0,Good point
68,Berkshire Bought Back About $2.3 Billion in Stock - Barron's on MSN,2024-03-16 17:06:27,,,"['or', 'me', 'pay', 'has', 'beat', 'aren', 'be', 'it', 'for', 'am']",24.0,"If we aren't beating the S&P 500 over 5+ year time-frames with our capital allocation, we should stop trying to beat the market and join it. Of course not every tick, but my standard for buybacks is the S&P 500 over long time periods, otherwise buy VOO or pay me a dividend to buy VOO.

I'm not saying Buffett made a mistake here, but I am saying the standard isn't a nominal return of 1%. The standard has to be the market."
69,Berkshire Bought Back About $2.3 Billion in Stock - Barron's on MSN,2024-03-16 18:51:26,,,"['or', 'me', 'PLUS', 'pay', 'on', 'way', 'when', 'plus', 'vs', 'it', 'you']",25.0,"I'm fine with a 4% tax on buybacks, I'm sure Buffett is too. Unless your effective capital gains tax is below 4%, it's still a much cheaper way to return capital to shareholders vs dividends, assuming the stock is at or below intrinsic value. And unlike dividends, the owners still get to choose when to pay the capital gains taxes.

Remember, if you have ordinary income, dividends have their own tax, PLUS they push your income into a higher tax bracket. A dollar of dividends might have a 15% tax  plus push a dollar of income from the 24% to 32% bracket, making the effective tax on that dividend 23%. In that specific case, 4% on buybacks seems like a great deal, allowing me to sell some BRK at the time of my choosing."
70,Berkshire Bought Back About $2.3 Billion in Stock - Barron's on MSN,2024-03-16 17:23:04,,,"['out', 'five']",26.0,"As the guy pointed out below, your comparison wasn‚Äôt apples to apples, and the difference is much narrower than initially appears, as the money was invested unevenly over a five year period with Berkshire and day 1 in the s&p"
71,Berkshire Bought Back About $2.3 Billion in Stock - Barron's on MSN,2024-03-16 19:02:37,,,['good'],27.0,5 years is not a long term. SP500 is at historically high valuations and may not have good returns going forward.
72,Berkshire Bought Back About $2.3 Billion in Stock - Barron's on MSN,2024-03-16 18:40:59,,,['kind'],28.0,">Timing is kind of important here

That's why I led with this sentence. Sorry that read as ambiguous."
73,Berkshire Bought Back About $2.3 Billion in Stock - Barron's on MSN,2024-03-16 19:25:53,,,"['me', 'has', 'on', 'all', 'five', 'be', 'net', 'it', 'for', 'by', 'met', 'so']",29.0,"Perhaps so. From Buffett's 1983 letter though...

>We feel noble intentions should be checked periodically against results. We test the wisdom of retaining earnings by assessing whether retention, over time, delivers shareholders at least $1 of market value for each $1 retained. To date, this test has been met. We will continue to apply it on a five-year rolling basis. As our net worth grows, it is more difficult to use retained earnings wisely.

Perhaps Buffett means nominal dollars here, but that seems silly to me.

While five years is not a long time, but the previous five years had COVID in it. I've got triples and doubles all over the place from March 2020."
74,Berkshire Bought Back About $2.3 Billion in Stock - Barron's on MSN,2024-03-16 19:34:39,,,"['you', 'are', 'has']",30.0,"Ideally you need to look at full economic cycles since Berkshire is a value type stock while SP500 has been more growth oriented recently. I mean, arguably we are still in a 15 year economic cycle."
75,Debt in current liabilities PayPal,2024-03-16 14:52:56,3.0,"I'm currently doing a dcf valuation on PayPal and I need to calculate the net working capital of PayPal to calculate the FCFF. But I need to exclude debt in the current liabilitie number, but what is the debt of PayPal here:

Current liabilities:  
Accounts payable $197   
Funds payable and amounts due to customers $38,841   
Accrued expenses and other current liabilities $3,755   
Income taxes payable $236   
Total current liabilities $43,029","['dcf', 'net', 'on']",,
76,Debt in current liabilities PayPal,2024-03-16 15:10:17,,,"['cash', 'do', 'free', 'net', 'cost', 'it', 'for', 'by', 'you']",0.0,"Why do you have to calculate it by level of accuracy and not materiality?

If cost > income = net profit margin was negative.

That meant for every $1 revenue - they lost money. 

And that means your free cash flow is negative. 

Without even having to calculate it."
77,Debt in current liabilities PayPal,2024-03-16 15:20:21,,,"['hard', 'on', 'You']",1.0,You‚Äôre thinking too hard on this lol
78,Debt in current liabilities PayPal,2024-03-16 16:19:54,,,"['for', 'are', 'be', 'So']",2.0,"None of those items are debt. 

Funds payable and amounts due customers should be ignored for working capital purposes, however. So should the inverse in the liabilities section. Customer flows are not working capital."
79,Debt in current liabilities PayPal,2024-03-16 15:41:26,,,"['DCF', 'on']",3.0,Waste of time doing DCF on financial companies.
80,Debt in current liabilities PayPal,2024-03-16 19:15:51,,,"['on', 'up', 'ever', 'are', 'be', 'self', 'for', 'can', 'by', 'you', 'DCF', 'so', 'lot']",5.0,"There is no long-term debt coming due in the current liabilities here, so I suspect there is no adjustment to make.

As others have said, you may be focusing too much on the procedure and not enough on the fundamental business and accounting concepts underlying valuation. I think a lot of us want to start learning by doing and hew toward DCF valuations for that reason. Firms tend to use them to enforce consistency and in-house process, and corporate finance courses teach them, but they are highly sensitive to initial assumptions and their precision and seeming quantitative rigour can encourage overconfidence in the results.

I have noticed most self-professed value investors, after some time investing, end up rarely if ever using DCFs."
81,top ten signs a business is valuable,2024-03-16 13:02:40,4.0,"Figured I'd start a list.

These are my notes from 10 years of studying stocks as a Wall Street analyst:

Operating leverage

Proprietary data

Embeddedness

Low cost of replication

Secular trend

Tuck-in acquisitions

Low cost of capital

Efficient capital use

Networks

Physical assets

If you want an explanation + walkthrough of what it looks like in financial statements, here's a video: [https://www.youtube.com/watch?v=6IdzOKqAEgc](https://www.youtube.com/watch?v=6IdzOKqAEgc)

Ps if you're looking for a course or educational resources on picking stocks, I can send you a free workshop that I put together.

Anything else I'm missing?

&#x200B;","['or', 'Low', 'top', 'it', 'else', 'on', 'free', 'are', 'cost', 'an', 'for', 'can', 'you', 'www']",,
82,top ten signs a business is valuable,2024-03-16 16:46:20,,,"['Well', 'cost']",0.0,"Well then gaming industry is.

No cost of replicating.

Just as other software industires."
83,top ten signs a business is valuable,2024-03-16 20:20:16,,,"['me', 'be']",1.0,"Send me the workshop my guy, these bags be heavy"
84,Best Books for experienced professionals ,2024-03-16 10:48:14,5.0,"I work in a credit hedge fund and want to continue learning about investing and economics. I‚Äôm not interested in the typical investing books (security analysis, etc) as I read them years ago / are more for the individual investor. 

Any books you recommend for experienced professionals in an investment role? What would you say about credentials (executive programs, continue with the CFA (level 2 guy here), etc‚Ä¶)

My final goal is to launch a value shop in the future (credit and equity fund). 

Have a nice day!","['fund', 'nice', 'Any', 'Best', 'shop', 'ago', 'say', 'are', 'an', 'for', 'you']",,
85,Best Books for experienced professionals ,2024-03-16 11:18:08,,,"['you', 'fund']",0.0,Why don't you ask your colleagues at your hedge fund?
86,Best Books for experienced professionals ,2024-03-16 19:15:53,,,"['or', 'me', 'on', 'Lev', 'an', 'you', 'Age']",1.0,"Forgive me if you‚Äôre already familiar with these or if they‚Äôre too geared towards an individual investor, but I‚Äôve read these recently and they changed my perspective on investing:

The End of Alchemy - Mervyn King

Capitalism without Capital - Jonathan Haskel

The End of Accounting - Baruch Lev

Where the Money Is: Value Investing in the Digital Age - Adam Seessel

Capital Returns: Investing Through the Capital Cycle - Edward Chancellor"
87,Best Books for experienced professionals ,2024-03-16 11:20:22,,,"['you', 'say', 'You']",2.0,How did you pass ethics of cfa lvl 1 then? You cannot say cfa lvl 2 guy. Cheers
88,Best Books for experienced professionals ,2024-03-16 11:40:42,,,"['on', 'run', 'be', 'good', 'can', 'you']",3.0,"read every letter of the berkshire hathaway annual shareholder letter, 

joel greenblatts , you to can be a stock market genius is great

i would not focus only investing books, but i would focus on books of people that have run successful organizations.  and also what make a good business

read letter of great investors if you can get your hands on them."
89,Best Books for experienced professionals ,2024-03-16 16:20:47,,,"['Ever', 'top', 'big', 'fund', 'be']",4.0,"Maybe‚Ä¶The Greatest Trade Ever, More Money than God, Hedge Hogging

I passed CFA level 1‚Ä¶should‚Äôve done 2 but left and became a therapist. 

My friends who became ‚Äúbig shots‚Äù got MBA‚Äôs at top schools. But they did IB and Management Consulting. 

Learning how to raise capital to start your own fund would probably be helpful."
90,Best Books for experienced professionals ,2024-03-16 12:59:54,,,"['can', 'it']",6.0,I done it already. Have a list I can share but want to get additional views.
91,Best Books for experienced professionals ,2024-03-16 13:00:08,,,"['Spot', 'on']",7.0,Hahaha. Spot on
92,Best Books for experienced professionals ,2024-03-16 13:02:12,,,"['both', 'very', 'good']",8.0,I read both the book and this PDF from Greenblatt (very good one): https://focusedcompounding.com/wp-content/uploads/2018/03/Joel-Greenblatt-Class.pdf
93,Best Books for experienced professionals ,2024-03-16 13:35:22,,,"['see', 'be', 'go', 'it']",9.0,Would be happy to go through it to see what could be missing
94,Best Books for experienced professionals ,2024-03-16 16:02:50,,,"['you', 'Can', 'on']",10.0,"Can you please share the list your colleagues recommended, especially on credit investing?"
95,BTI - value play or trap?,2024-03-16 01:26:50,6.0,"The recent news of it divesting out of ITC and using the proceeds to fund buybacks and dividend increase is positive news, but the share price quickly dipped back. Will anything move the stock, or is BTI doomed to plateau??","['or', 'fund', 'out', 'move', 'it', 'BTI', 'back', 'play']",,
96,BTI - value play or trap?,2024-03-16 02:05:23,,,"['by', 'else', 'on', 'up', 'grow', 'now', 'It', 'post', 'move', 'UK', 'are', 'it', 'good', 'Well', 'BTI', 'you', 'play', 'www']",0.0,"Well, at the end of the day it's a consumer staple. It will move, but not by much relative to everything else. It's a defensive play. As a defensive play you're fine with it not moving much (but also not moving much during downturns) while returning you that juicy dividend. It's a bonus if it goes up.

As I wrote in my [portfolio update post..](https://www.reddit.com/r/ValueInvesting/comments/1b8c8uo/portfolio_update_you_dont_need_big_tech_for_big/)

Cigarettes are on a decline, yes, but at a snails-pace. From 2019 to 2023 BTI cigarette sales have declined only about 3%. Meanwhile, alternative tobacco products like vaping have increased substantially. I believe the alternative tobacco products will not only replace lost cigarette revenue, but cause overall revenue to grow - at a snails pace, but still, it will grow. (Example: BTI Vapour products had 401mil in sales in 2019, and now it's at 1802mil).

The risk is that countries like the UK follow Australia (and Mexico..) in banning vapes. But there's a good chance they will only ban disposable vapes."
97,BTI - value play or trap?,2024-03-16 03:13:11,,,"['BTI', 'by', 'be', 'it']",1.0,"Value traps by definition appear cheap while having continually deteriorating fundamentals. 

BTI doesn‚Äôt have deteriorating fundamentals. Cigarettes by volume will be in a steady decline but price increases will offset it."
98,BTI - value play or trap?,2024-03-16 02:50:40,,,"['cash', 'It', 'for', 'be', 'll', 'it', 'good', 'BTI']",2.0,"I hold a good amount of BTI but it‚Äôs outside of my typical investment strategy. Basically, my mentality is that it‚Äôs essentially like holdings bonds, but with a higher yield and the potential for upside with even a modest re-rating of its dirt cheap valuation. It‚Äôll probably be the first thing I sell if I need to raise cash for a better opportunity that comes along."
99,BTI - value play or trap?,2024-03-16 03:07:11,,,"['cash', 'nice', 'when', 'safe', 'drop', 'it', 'for']",3.0,"People have been saying it‚Äôs the end of tobacco companies for decades. At the end of the day, they print cash and the dividend appears relatively safe. I don‚Äôt have a large position but it‚Äôs nice to collect a 10% dividend, and I expect some price appreciation when bond yields drop"
100,BTI - value play or trap?,2024-03-16 12:44:34,,,"['am', 'cash', 'BTI']",4.0,BTI is ridiculously cheap.  Here we have a stock selling at \~6 PE which would imply the company is a value trap - but operating cash flow is growing at \~ [8% CAGR](https://userupload.gurufocus.com/1768980923627499520.png).  What am I missing?
101,BTI - value play or trap?,2024-03-16 11:55:41,,,"['up', 'do', 'when', 'shot', 'alot', 'good', 'back']",5.0,The share price dipping back down is a good thing when they plan to do a buyback with that money. Last time they announced buybacks (2021?) the price shot up like 30-40%. That was alot of money down the toilet.
102,BTI - value play or trap?,2024-03-16 16:57:35,,,"['so', 'you', 'on', 'all']",6.0,I buy this on the dips since even a small increase in price is all you need with the yield so high.
103,BTI - value play or trap?,2024-03-16 01:33:10,,,['Both'],7.0,Both.
104,BTI - value play or trap?,2024-03-16 14:15:13,,,"['for', 'BTI', 'move']",8.0,BTI is trading near fair market value - what is the argument for the price to move above fair value?
105,BTI - value play or trap?,2024-03-16 14:17:40,,,"['or', 'cash', 'way', 'both', 'all', 'It', 'are', 'be', 'cost', 'it', 'can', 'by']",9.0,"Honestly? It can be both. 

They had to write off the accounting value of some of their cigarette brands resulting in a non-cash loss recently.

It's still printing cash but it's all still cigarette fuelled and therefore is highly legislatively vulnerable.

However their new generation products (NGPs) hit breakeven way ahead of schedule. But NGPs are not favourably viewed by many governments around the world, despite their potential health harm and public cost being way less than that of alcohol or obesity implicated foods. That's the ""trap""."
106,BTI - value play or trap?,2024-03-16 16:49:58,,,"['way', 'up', 'fast', 'save', 'are', 'say', 'it', 'good', 'so']",10.0,"The problem of cigarette industry is there are no Mad Men to save them from competitions unlike alcohol industry. New generation products are the same since Juul got blow up, way too many competitions. I would say it is a good stock to hold if rates come down fast so the dividend will discount nicely push the stock up."
107,BTI - value play or trap?,2024-03-16 01:47:46,,,"['am', 'on']",11.0,I am a fan of sinstockspapi on twitter
108,BTI - value play or trap?,2024-03-16 09:02:19,,,"['be', 'it', 'BTI', 'back', 'game', 'any', 'So', 'Well', 'you', 'play', 'see', 'do', 'vs', 'for', 'now', 'on', 'are', 'PM', 'good', 'can']",12.0,"Just reading about this Australia 'ban' now, and seems it would be more accurate to call it a control than a ban, and not sure to pass anyway.

I can't see any country wanting to drive people back to smoking. Well maybe Mexico, but not any developed country. The science really isn't on their side this time. 

However yes, do ban disposable vapes because they are targeted at young people and the takeup rates are high.

What I find strange is the valuation gap between BTI and PM. So I know that PM have the better portfolio in many ways, less reliant on combustibles, ahead of the game on alternatives, but still, the gap is massive, and I think it also reflects the US-Europe valuation gap, whereby European equities are secularly undervalued vs US equities, even if they do most of their business in the US. 

I think BTI is a great value play for those looking for 'good companies at great prices' as opposed to 'wonderful companies at fair prices'.

Also really adds to a portfolio in terms of defensive qualities as you described."
109,BTI - value play or trap?,2024-03-16 03:24:04,,,"['it', 'view', 'way']",13.0,"This is the correct way to view this stock. 100% agree with, don't own it but I've looked at it. This was my conclusion it's a defensive bond with some miniscule upside."
110,BTI - value play or trap?,2024-03-16 03:55:46,,,['do'],14.0,I do the same thing.
111,PICKING TOP STOCKS,2024-03-16 19:07:18,7.0,"Here is an Interesting and unusual Youtube (WealthTrack) Video for picking potential Top Stocks for the year.  

[https://youtu.be/lsu9Yxk93aY?si=BKMBPfecdx019M79](https://youtu.be/lsu9Yxk93aY?si=BKMBPfecdx019M79)

* High Volatility (i.e. High Beta).
* Lower credit ratings i.e. **not** blue chips.
* Mid-Cap (5B - 20B) market cap. 
* Wide dispersions among analyst earnings expectations.

Recommended for 2024 are: BXP, CCL, NCLH, EXPE.  All look like contrarian/speculative picks.  Comments?","['CCL', 'blue', 'NCLH', 'All', 'Top', 'are', 'be', 'TOP', 'BXP', 'an', 'for', 'EXPE']",,
112,PICKING TOP STOCKS,2024-03-16 19:14:51,,,['for'],0.0,This looks like a recipe for disaster in my opinion
113,PICKING TOP STOCKS,2024-03-16 19:16:59,,,"['for', 'see', 'Now']",1.0,"Now use those 4 rules to pick 100 stocks, and see how they did. Then track them for another 5 years into the future."
114,PICKING TOP STOCKS,2024-03-16 19:46:13,,,"['for', 'real', 'so', 'Good']",2.0,"Good for a stock picking competition (with no money down), not so much for putting in real money."
115,PICKING TOP STOCKS,2024-03-16 19:18:01,,,['for'],3.0,lol - not for widows and orphans for sure.
116,PICKING TOP STOCKS,2024-03-16 19:38:03,,,['You'],4.0,You first.
117,How I Benefited From ValueInvesting,2024-03-15 22:46:15,8.0,"I studied finance in college and I currently work in book publishing at one of the Big 5 publishers, on the demand planning and inventory management end. Anyway, I started off my investing journey in late 2015 by going through an advisor. I have about 68% of my total funds invested in mutual funds, the largest holding being KNPAX, which has been very good.  
  
However, when 2020 came around I unloaded a lot of my savings in the market. Eventually, I asked him to buy a couple stocks instead of just the same mutual funds I was investing in. He explained that it would be cheaper for me to just do it on my own, so I did instead of him buying the stocks for me.   
I opened up my own brokerage acct and I did well, as anyone would at that time in mid 2020. I had a return of 89% in 2020, -1% in 2021, and -23% in 2022. But, in early 2023 I started consolidating my stock investments as I was overdiversified, I thought.  I, also, found Value Investing because I really didn‚Äôt have time to do research, and I figured I would look for adept, real individuals who were offering, what I believed to be, genuine financial and market analysis, and could defend their investment recommendations against the critics within the group. I have a good understanding of macroeconomics, financial statements, profitability, risk, etc. I have always believed in the fundamentals and value investing, but I am not suave enough and nor do I have the experience and time to make sound investments on my own, so I used this thread to guide my investments. I would look for investment recs in industries that I like(energy, healthcare, financial services, and so on), and if I liked the argument and investment pitch being made, I looked at the companies financials and gauged it as best I could  
I have invested in NMIH, PM, VNOM, CPLP, HSY, ECPG, MDT; I‚Äôm up on every one. I‚Äôve done relatively well, partly because of this thread. I am invested in 17 stocks altogether, but I was up 22% in 2023. This group is filled with a lot of good advice, I think. It‚Äôs been very helpful to me so far. (knock on wood).    
  
Just wanted to say thanks and to share,   
","['Big', 'well', 'up', 'do', 'when', 'be', 'ECPG', 'it', 'an', 'for', 'by', 'NMIH', 'lot', 'me', 'MDT', 'HSY', 'has', 'on', 'He', 'best', 'It', 'VNOM', 'very', 'say', 'PM', 'good', 'real', 'am', 'CPLP', 'so']",,
118,How I Benefited From ValueInvesting,2024-03-15 23:01:12,,,"['see', 'Glad', 'all', 'key', 'can', 'so']",0.0,"Glad to see we all have benefited, the key learn and share your mistakes so others can learn not only from your ideas but also from mistakes"
119,How I Benefited From ValueInvesting,2024-03-16 04:49:55,,,"['best', 'hear', 'are', 'Good', 'you']",1.0,"Great to hear! I'm surprised your financial advisor encouraged you to buy your own stocks. Good guy, but not the best business person.

How are you doing YTD?"
120,How I Benefited From ValueInvesting,2024-03-16 12:50:17,,,"['way', 'well', 'boom', 'good', 'you']",2.0,"That's good, you started off well.  My investing journey started during the [dot.com](https://dot.com) boom in the late 1990's.  I lost my shirt.  That was a rude reminder that I need to find a more logical way to invest."
121,"""Revenge of the Nerds"": Tweedy Browne paper on how Value investing has outperformed many indexes since q3 2020",2024-03-16 00:14:03,9.0,,"['on', 'has']",,
122,"""Revenge of the Nerds"": Tweedy Browne paper on how Value investing has outperformed many indexes since q3 2020",2024-03-16 00:33:20,,,"['or', 'So', 'Edit', 'huge', 'are', 'be', 'it', 'tech']",0.0,"Would be more informative if they picked 2019 as the start instead of 2020. Oil & gas majors got irrationally blown to hell after COVID and they are usually categorized as value, oil & gas majors largely reverted, hence value outperformed.

So is it really that value outperformed or just that oil & gas majors outperformed after their stocks crashed?

Edit: Oh god it's comparing value indices to growth indices, not value to total... that makes things even less informative since growth is largely comprised of digital/tech companies that got a huge temporary boost in stock prices, again, due to COVID."
123,"""Revenge of the Nerds"": Tweedy Browne paper on how Value investing has outperformed many indexes since q3 2020",2024-03-16 01:16:46,,,"['or', 'low', 'has', 'do', 'It', 'are']",1.0,"""Value"" used in the context of academics or indexes¬†has nothing to do with value investing. It is literally just stocks that are trading at low multiples."
124,"""Revenge of the Nerds"": Tweedy Browne paper on how Value investing has outperformed many indexes since q3 2020",2024-03-16 15:55:55,,,"['for', 'DCF', 'rise']",2.0,"Its mostly a function of interest rates.  As interest rate rise, the discount rates used for DCF calculation rise and this favors ""value"" as opposed to ""growth""."
125,"""Revenge of the Nerds"": Tweedy Browne paper on how Value investing has outperformed many indexes since q3 2020",2024-03-16 10:36:55,,,['you'],3.0,Unfortunately what you described in your last sentence is how many many people try to practice value investing in practice.
